artist_name,artist_url,date,id,part,preset_id,rating,recording,song_name,status,tab_access_type,tab_url,tonality_name,tp_version,type,type_name,verified,version,version_description,votes,hits,datetime
Jeff Buckley,https://www.ultimate-guitar.com/artist/jeff_buckley_9898,1121385600,198052,,125,4.87365,"{'is_acoustic': 0, 'tonality_name': '', 'performance': None, 'recording_artists': []}",Hallelujah,approved,public,https://tabs.ultimate-guitar.com/tab/jeff_buckley/hallelujah_chords_198052,Db,0,Chords,Chords,0,2,,23400,24166355,2005-07-14
Ed Sheeran,https://www.ultimate-guitar.com/artist/ed_sheeran_30232,1488453515,1956589,,18913,4.8717,"{'is_acoustic': 0, 'tonality_name': '', 'performance': None, 'recording_artists': []}",Perfect,approved,public,https://tabs.ultimate-guitar.com/tab/ed_sheeran/perfect_chords_1956589,Ab,0,Chords,Chords,0,1,,11895,12789550,2017-03-02
John Legend,https://www.ultimate-guitar.com/artist/john_legend_11714,1369872001,1248578,,14737,4.831,"{'is_acoustic': 0, 'tonality_name': '', 'performance': None, 'recording_artists': []}",All Of Me,approved,public,https://tabs.ultimate-guitar.com/tab/john_legend/all_of_me_chords_1248578,Em,0,Chords,Chords,0,1,,10868,20392289,2013-05-29
Imagine Dragons,https://www.ultimate-guitar.com/artist/imagine_dragons_36784,1343779201,1171909,,2616,4.87188,"{'is_acoustic': 0, 'tonality_name': '', 'performance': None, 'recording_artists': []}",Radioactive,approved,public,https://tabs.ultimate-guitar.com/tab/imagine_dragons/radioactive_chords_1171909,Am,0,Chords,Chords,0,1,,10212,8156384,2012-07-31
Led Zeppelin,https://www.ultimate-guitar.com/artist/led_zeppelin_1036,1004486400,9488,,10935,4.89227,"{'is_acoustic': 0, 'tonality_name': '', 'performance': None, 'recording_artists': []}",Stairway To Heaven,approved,public,https://tabs.ultimate-guitar.com/tab/led_zeppelin/stairway_to_heaven_tabs_9488,Am,0,Tabs,Tab,0,1,,9829,17892840,2001-10-30
Passenger,https://www.ultimate-guitar.com/artist/passenger_21762,1331596801,1137467,,2333,4.83918,"{'is_acoustic': 0, 'tonality_name': '', 'performance': None, 'recording_artists': []}",Let Her Go,approved,public,https://tabs.ultimate-guitar.com/tab/passenger/let_her_go_chords_1137467,Am,0,Chords,Chords,0,1,,9189,18844344,2012-03-12
Vance Joy,https://www.ultimate-guitar.com/artist/vance_joy_37940,1365552001,1237247,,10737,4.88146,"{'is_acoustic': 0, 'tonality_name': '', 'performance': None, 'recording_artists': []}",Riptide,approved,public,https://tabs.ultimate-guitar.com/tab/vance_joy/riptide_chords_1237247,Am,0,Chords,Chords,0,2,,8848,10063666,2013-04-09
Elvis Presley,https://www.ultimate-guitar.com/artist/elvis_presley_11125,1314230401,1086983,,2368,4.87036,"{'is_acoustic': 0, 'tonality_name': '', 'performance': None, 'recording_artists': []}",Cant Help Falling In Love,approved,public,https://tabs.ultimate-guitar.com/tab/elvis_presley/cant_help_falling_in_love_chords_1086983,C,0,Chords,Chords,0,1,,8370,9028855,2011-08-24
Pink Floyd,https://www.ultimate-guitar.com/artist/pink_floyd_684,1043798400,44555,,776,4.81367,"{'is_acoustic': 0, 'tonality_name': '', 'performance': None, 'recording_artists': []}",Wish You Were Here,approved,public,https://tabs.ultimate-guitar.com/tab/pink_floyd/wish_you_were_here_chords_44555,Em,0,Chords,Chords,0,1,,8012,10863212,2003-01-28
Ed Sheeran,https://www.ultimate-guitar.com/artist/ed_sheeran_30232,1402833937,1493446,,2217,4.85315,"{'is_acoustic': 0, 'tonality_name': '', 'performance': None, 'recording_artists': []}",Photograph,approved,public,https://tabs.ultimate-guitar.com/tab/ed_sheeran/photograph_chords_1493446,D,0,Chords,Chords,0,1,,7930,10423439,2014-06-15
Jason Mraz,https://www.ultimate-guitar.com/artist/jason_mraz_10984,1521876577,373896,,2370,4.67662,"{'is_acoustic': 0, 'tonality_name': '', 'performance': None, 'recording_artists': []}",Im Yours,approved,public,https://tabs.ultimate-guitar.com/tab/jason_mraz/im_yours_chords_373896,G,0,Chords,Chords,0,8,,7389,16930180,2018-03-24
Bruno Mars,https://www.ultimate-guitar.com/artist/bruno_mars_28280,1354579201,1198871,,15585,4.85824,"{'is_acoustic': 0, 'tonality_name': '', 'performance': None, 'recording_artists': []}",When I Was Your Man,approved,public,https://tabs.ultimate-guitar.com/tab/bruno_mars/when_i_was_your_man_chords_1198871,C,0,Chords,Chords,0,1,,7374,11665272,2012-12-03
Coldplay,https://www.ultimate-guitar.com/artist/coldplay_1782,1114560000,180849,,13171,4.87293,"{'is_acoustic': 1, 'tonality_name': '', 'performance': None, 'recording_artists': []}",The Scientist,approved,public,https://tabs.ultimate-guitar.com/tab/coldplay/the_scientist_chords_180849,Bm,0,Chords,Chords,0,1,,7250,13832561,2005-04-26
Ed Sheeran,https://www.ultimate-guitar.com/artist/ed_sheeran_30232,1400876262,1486860,,2331,4.84154,"{'is_acoustic': 0, 'tonality_name': '', 'performance': None, 'recording_artists': []}",Thinking Out Loud,approved,public,https://tabs.ultimate-guitar.com/tab/ed_sheeran/thinking_out_loud_chords_1486860,C,0,Chords,Chords,0,1,,6941,14583643,2014-05-23
Ed Sheeran,https://www.ultimate-guitar.com/artist/ed_sheeran_30232,1383868801,1430599,,2614,4.87322,"{'is_acoustic': 0, 'tonality_name': '', 'performance': None, 'recording_artists': []}",I See Fire,approved,public,https://tabs.ultimate-guitar.com/tab/ed_sheeran/i_see_fire_chords_1430599,Em,0,Chords,Chords,0,4,,6685,9211066,2013-11-07
Radiohead,https://www.ultimate-guitar.com/artist/radiohead_578,1004486400,4169,,763,4.83153,"{'is_acoustic': 0, 'tonality_name': '', 'performance': None, 'recording_artists': []}",Creep,approved,public,https://tabs.ultimate-guitar.com/tab/radiohead/creep_chords_4169,G,0,Chords,Chords,0,1,,6546,9236906,2001-10-30
Justin Bieber,https://www.ultimate-guitar.com/artist/justin_bieber_25667,1447081392,1780199,,2371,4.84232,"{'is_acoustic': 0, 'tonality_name': '', 'performance': None, 'recording_artists': []}",Love Yourself,approved,public,https://tabs.ultimate-guitar.com/tab/justin_bieber/love_yourself_chords_1780199,E,0,Chords,Chords,0,1,,6380,11083863,2015-11-09
twenty one pilots,https://www.ultimate-guitar.com/artist/twenty_one_pilots_36284,1409747907,1516931,,15203,4.90686,"{'is_acoustic': 0, 'tonality_name': '', 'performance': None, 'recording_artists': []}",Cant Help Falling In Love,approved,public,https://tabs.ultimate-guitar.com/tab/twenty_one_pilots/cant_help_falling_in_love_ukulele_1516931,C,0,Ukulele Chords,Ukulele,0,1,,5533,746925,2014-09-03
Green Day,https://www.ultimate-guitar.com/artist/green_day_1368,1004486400,12835,,2684,4.84398,"{'is_acoustic': 0, 'tonality_name': '', 'performance': None, 'recording_artists': []}",Good Riddance Time Of Your Life,approved,public,https://tabs.ultimate-guitar.com/tab/green_day/good_riddance_time_of_your_life_chords_12835,G,0,Chords,Chords,0,1,,5179,6711879,2001-10-30
Dolly Parton,https://www.ultimate-guitar.com/artist/dolly_parton_11081,1115596800,183019,,10647,4.85806,"{'is_acoustic': 0, 'tonality_name': '', 'performance': None, 'recording_artists': []}",Jolene,approved,public,https://tabs.ultimate-guitar.com/tab/dolly_parton/jolene_chords_183019,Am,0,Chords,Chords,0,2,,4862,3472994,2005-05-08
Don McLean,https://www.ultimate-guitar.com/artist/don_mclean_10895,1117497600,187946,,13535,4.87514,"{'is_acoustic': 0, 'tonality_name': '', 'performance': None, 'recording_artists': []}",American Pie,approved,public,https://tabs.ultimate-guitar.com/tab/don_mclean/american_pie_chords_187946,G,0,Chords,Chords,0,1,,4793,5299253,2005-05-30
Oasis,https://www.ultimate-guitar.com/artist/oasis_734,1004486400,6097,,164,4.85955,"{'is_acoustic': 0, 'tonality_name': '', 'performance': None, 'recording_artists': []}",Dont Look Back In Anger,approved,public,https://tabs.ultimate-guitar.com/tab/oasis/dont_look_back_in_anger_chords_6097,C,0,Chords,Chords,0,1,,4757,8595009,2001-10-30
James Arthur,https://www.ultimate-guitar.com/artist/james_arthur_38784,1473843689,1874747,,15559,4.87914,"{'is_acoustic': 0, 'tonality_name': '', 'performance': None, 'recording_artists': []}",Say You Wont Let Go,approved,public,https://tabs.ultimate-guitar.com/tab/james_arthur/say_you_wont_let_go_chords_1874747,G,0,Chords,Chords,0,4,This version is different because unlike the others it has no bar chords and has a capo on the 3rd fret. It's very easy for beginners.,4693,4394338,2016-09-14
Oasis,https://www.ultimate-guitar.com/artist/oasis_734,1037232000,39144,,2332,4.81148,"{'is_acoustic': 0, 'tonality_name': '', 'performance': None, 'recording_artists': []}",Wonderwall,approved,public,https://tabs.ultimate-guitar.com/tab/oasis/wonderwall_chords_39144,F#m,0,Chords,Chords,0,3,,4684,12206877,2002-11-13
David Bowie,https://www.ultimate-guitar.com/artist/david_bowie_9864,1077235200,105869,,3330,4.88263,"{'is_acoustic': 0, 'tonality_name': '', 'performance': None, 'recording_artists': []}",Space Oddity,approved,public,https://tabs.ultimate-guitar.com/tab/david_bowie/space_oddity_chords_105869,C,0,Chords,Chords,0,1,,4653,1989436,2004-02-19
Death Cab for Cutie,https://www.ultimate-guitar.com/artist/death_cab_for_cutie_7750,1140566401,335735,,2682,4.91051,"{'is_acoustic': 0, 'tonality_name': '', 'performance': None, 'recording_artists': []}",I Will Follow You Into The Dark,approved,public,https://tabs.ultimate-guitar.com/tab/death_cab_for_cutie/i_will_follow_you_into_the_dark_chords_335735,Am,0,Chords,Chords,0,3,,4607,5492201,2006-02-21
Paramore,https://www.ultimate-guitar.com/artist/paramore_11926,1253577601,874862,,14595,4.89012,"{'is_acoustic': 0, 'tonality_name': '', 'performance': None, 'recording_artists': []}",The Only Exception,approved,public,https://tabs.ultimate-guitar.com/tab/paramore/the_only_exception_chords_874862,B,0,Chords,Chords,0,1,,4591,9561836,2009-09-21
The Animals,https://www.ultimate-guitar.com/artist/the_animals_2019,1228435201,763620,,149,4.87473,"{'is_acoustic': 0, 'tonality_name': '', 'performance': None, 'recording_artists': []}",House Of The Rising Sun,approved,public,https://tabs.ultimate-guitar.com/tab/the_animals/house_of_the_rising_sun_chords_763620,Am,0,Chords,Chords,0,3,,4575,2086476,2008-12-04
Train,https://www.ultimate-guitar.com/artist/train_250,1256169601,884388,,17373,4.82656,"{'is_acoustic': 0, 'tonality_name': '', 'performance': None, 'recording_artists': []}",Hey Soul Sister,approved,public,https://tabs.ultimate-guitar.com/tab/train/hey_soul_sister_chords_884388,C,0,Chords,Chords,0,2,,4509,10605944,2009-10-21
A Great Big World,https://www.ultimate-guitar.com/artist/a_great_big_world_42233,1383696001,1429805,,14659,4.82376,"{'is_acoustic': 0, 'tonality_name': '', 'performance': None, 'recording_artists': []}",Say Something,approved,public,https://tabs.ultimate-guitar.com/tab/a_great_big_world/say_something_chords_1429805,Bm,0,Chords,Chords,0,2,,4415,6496341,2013-11-05
Johnny Cash,https://www.ultimate-guitar.com/artist/johnny_cash_10001,1162771201,431603,,9301,4.87502,"{'is_acoustic': 0, 'tonality_name': '', 'performance': None, 'recording_artists': []}",Hurt,approved,public,https://tabs.ultimate-guitar.com/tab/johnny_cash/hurt_chords_431603,Am,0,Chords,Chords,0,3,,4332,2444872,2006-11-05
Plain White T's,https://www.ultimate-guitar.com/artist/plain_white_ts_3257,1140998401,337676,,2224,4.86462,"{'is_acoustic': 0, 'tonality_name': '', 'performance': None, 'recording_artists': []}",Hey There Delilah,approved,public,https://tabs.ultimate-guitar.com/tab/plain_white_ts/hey_there_delilah_chords_337676,D,0,Chords,Chords,0,3,,4225,8131598,2006-02-26
Old Crow Medicine Show,https://www.ultimate-guitar.com/artist/old_crow_medicine_show_11847,1226448001,754823,,0,4.87551,"{'is_acoustic': 1, 'tonality_name': '', 'performance': None, 'recording_artists': []}",Wagon Wheel,approved,public,https://tabs.ultimate-guitar.com/tab/old_crow_medicine_show/wagon_wheel_chords_754823,,0,Chords,Chords,0,2,,4179,4660938,2008-11-11
Creedence Clearwater Revival,https://www.ultimate-guitar.com/artist/creedence_clearwater_revival_1746,1058745600,56479,,2681,4.83194,"{'is_acoustic': 0, 'tonality_name': '', 'performance': None, 'recording_artists': []}",Have You Ever Seen The Rain,approved,public,https://tabs.ultimate-guitar.com/tab/creedence_clearwater_revival/have_you_ever_seen_the_rain_chords_56479,C,0,Chords,Chords,0,1,,4137,4949897,2003-07-20
Coldplay,https://www.ultimate-guitar.com/artist/coldplay_1782,1210550401,675427,,6201,4.8685,"{'is_acoustic': 0, 'tonality_name': '', 'performance': None, 'recording_artists': []}",Viva La Vida,approved,public,https://tabs.ultimate-guitar.com/tab/coldplay/viva_la_vida_chords_675427,D,0,Chords,Chords,0,1,These are all basic chords if you use a capo on the first fret.,3985,8416856,2008-05-11
The Lumineers,https://www.ultimate-guitar.com/artist/the_lumineers_32384,1334102401,1144876,,11325,4.81573,"{'is_acoustic': 0, 'tonality_name': '', 'performance': None, 'recording_artists': []}",Ho Hey,approved,public,https://tabs.ultimate-guitar.com/tab/the_lumineers/ho_hey_chords_1144876,C,0,Chords,Chords,0,2,,3875,6341626,2012-04-10
Johnny Cash,https://www.ultimate-guitar.com/artist/johnny_cash_10001,1063584000,89849,,9301,4.80124,"{'is_acoustic': 0, 'tonality_name': '', 'performance': None, 'recording_artists': []}",Hurt,approved,public,https://tabs.ultimate-guitar.com/tab/johnny_cash/hurt_chords_89849,Am,0,Chords,Chords,0,1,,3843,6569674,2003-09-14
twenty one pilots,https://www.ultimate-guitar.com/artist/twenty_one_pilots_36284,1330473601,1371440,,9339,4.92504,"{'is_acoustic': 0, 'tonality_name': '', 'performance': None, 'recording_artists': []}",House Of Gold,approved,public,https://tabs.ultimate-guitar.com/tab/twenty_one_pilots/house_of_gold_ukulele_1371440,,0,Ukulele Chords,Ukulele,0,1,,3834,402986,2012-02-28
OneRepublic,https://www.ultimate-guitar.com/artist/onerepublic_15735,1364342401,1233464,,2687,4.8436,"{'is_acoustic': 0, 'tonality_name': '', 'performance': None, 'recording_artists': []}",Counting Stars,approved,public,https://tabs.ultimate-guitar.com/tab/onerepublic/counting_stars_chords_1233464,Am,0,Chords,Chords,0,1,,3754,7595101,2013-03-26
Gary Jules,https://www.ultimate-guitar.com/artist/gary_jules_10636,1071014400,97039,,15399,4.88006,"{'is_acoustic': 0, 'tonality_name': '', 'performance': None, 'recording_artists': []}",Mad World,approved,public,https://tabs.ultimate-guitar.com/tab/gary_jules/mad_world_chords_97039,Em,0,Chords,Chords,0,1,,3655,3549999,2003-12-09
Adele,https://www.ultimate-guitar.com/artist/adele_20519,1290643201,1006751,,14669,4.8272,"{'is_acoustic': 0, 'tonality_name': '', 'performance': None, 'recording_artists': []}",Someone Like You,approved,public,https://tabs.ultimate-guitar.com/tab/adele/someone_like_you_chords_1006751,G,0,Chords,Chords,0,1,,3652,4112047,2010-11-24
Simon & Garfunkel,https://www.ultimate-guitar.com/artist/simon_garfunkel_274,1106265600,159157,,9273,4.8319,"{'is_acoustic': 0, 'tonality_name': '', 'performance': None, 'recording_artists': []}",The Sound Of Silence,approved,public,https://tabs.ultimate-guitar.com/tab/simon_garfunkel/the_sound_of_silence_chords_159157,Ebm,0,Chords,Chords,0,2,,3636,2407241,2005-01-20
Of Monsters and Men,https://www.ultimate-guitar.com/artist/of_monsters_and_men_32346,1302652801,1046763,,5157,4.88504,"{'is_acoustic': 0, 'tonality_name': '', 'performance': None, 'recording_artists': []}",Little Talks,approved,public,https://tabs.ultimate-guitar.com/tab/of_monsters_and_men/little_talks_chords_1046763,Bbm,0,Chords,Chords,0,1,,3439,4952649,2011-04-12
Vance Joy,https://www.ultimate-guitar.com/artist/vance_joy_37940,1365552001,1391193,,10737,4.88084,"{'is_acoustic': 0, 'tonality_name': '', 'performance': None, 'recording_artists': []}",Riptide,approved,public,https://tabs.ultimate-guitar.com/tab/vance_joy/riptide_ukulele_1391193,Bbm,0,Ukulele Chords,Ukulele,0,1,,3435,1912122,2013-04-09
Coldplay,https://www.ultimate-guitar.com/artist/coldplay_1782,1104537600,202594,,3300,4.8142,"{'is_acoustic': 1, 'tonality_name': '', 'performance': None, 'recording_artists': []}",Fix You,approved,public,https://tabs.ultimate-guitar.com/tab/coldplay/fix_you_chords_202594,C,0,Chords,Chords,0,1,,3412,7134061,2004-12-31
Green Day,https://www.ultimate-guitar.com/artist/green_day_1368,1100649600,146744,,761,4.70409,"{'is_acoustic': 0, 'tonality_name': '', 'performance': None, 'recording_artists': []}",Boulevard Of Broken Dreams,approved,public,https://tabs.ultimate-guitar.com/tab/green_day/boulevard_of_broken_dreams_chords_146744,Em,0,Chords,Chords,0,3,,3348,6721439,2004-11-16
Adele,https://www.ultimate-guitar.com/artist/adele_20519,1245369601,838744,,14985,4.84586,"{'is_acoustic': 0, 'tonality_name': '', 'performance': None, 'recording_artists': []}",Make You Feel My Love,approved,public,https://tabs.ultimate-guitar.com/tab/adele/make_you_feel_my_love_chords_838744,G,0,Chords,Chords,0,5,,3304,3184856,2009-06-18
Cat Stevens,https://www.ultimate-guitar.com/artist/cat_stevens_2658,1062028800,84491,,16319,4.81658,"{'is_acoustic': 0, 'tonality_name': '', 'performance': None, 'recording_artists': []}",Father And Son,approved,public,https://tabs.ultimate-guitar.com/tab/cat_stevens/father_and_son_chords_84491,G,0,Chords,Chords,0,1,,3299,3951968,2003-08-27
4 Non Blondes,https://www.ultimate-guitar.com/artist/4_non_blondes_2044,1144022401,349210,,2292,4.87563,"{'is_acoustic': 0, 'tonality_name': '', 'performance': None, 'recording_artists': []}",Whats Up,approved,public,https://tabs.ultimate-guitar.com/tab/4_non_blondes/whats_up_chords_349210,G,0,Chords,Chords,0,2,,3291,3233704,2006-04-02
Adele,https://www.ultimate-guitar.com/artist/adele_20519,1447673945,1782038,,15077,4.86214,"{'is_acoustic': 0, 'tonality_name': '', 'performance': None, 'recording_artists': []}",When We Were Young,approved,public,https://tabs.ultimate-guitar.com/tab/adele/when_we_were_young_chords_1782038,Cm,0,Chords,Chords,0,1,,3288,4300838,2015-11-16
The Neighbourhood,https://www.ultimate-guitar.com/artist/the_neighbourhood_39075,1365724801,1237978,,2379,4.89401,"{'is_acoustic': 0, 'tonality_name': '', 'performance': None, 'recording_artists': []}",Sweater Weather,approved,public,https://tabs.ultimate-guitar.com/tab/the_neighbourhood/sweater_weather_chords_1237978,C,0,Chords,Chords,0,1,,3285,4003679,2013-04-11
Radiohead,https://www.ultimate-guitar.com/artist/radiohead_578,1075766400,103398,,9323,4.89591,"{'is_acoustic': 0, 'tonality_name': '', 'performance': None, 'recording_artists': []}",Karma Police,approved,public,https://tabs.ultimate-guitar.com/tab/radiohead/karma_police_chords_103398,Am,0,Chords,Chords,0,2,,3250,4401372,2004-02-02
Plain White T's,https://www.ultimate-guitar.com/artist/plain_white_ts_3257,1116547200,185406,,2224,4.75473,"{'is_acoustic': 0, 'tonality_name': '', 'performance': None, 'recording_artists': []}",Hey There Delilah,approved,public,https://tabs.ultimate-guitar.com/tab/plain_white_ts/hey_there_delilah_tabs_185406,D,0,Tabs,Tab,0,2,,3232,8638696,2005-05-19
David Guetta,https://www.ultimate-guitar.com/artist/david_guetta_9590,1318204801,1098920,,244,4.85944,"{'is_acoustic': 0, 'tonality_name': '', 'performance': None, 'recording_artists': [{'join_field': ' feat. ', 'artist': {'id': 9670, 'name': 'Sia', 'artist_url': '/artist/sia_9670'}}]}",Titanium,approved,public,https://tabs.ultimate-guitar.com/tab/david_guetta/titanium_chords_1098920,F,0,Chords,Chords,0,2,,3225,5085818,2011-10-09
Bill Withers,https://www.ultimate-guitar.com/artist/bill_withers_11594,1170633601,468744,,12353,4.79879,"{'is_acoustic': 0, 'tonality_name': '', 'performance': None, 'recording_artists': []}",Aint No Sunshine,approved,public,https://tabs.ultimate-guitar.com/tab/bill_withers/aint_no_sunshine_chords_468744,Am,0,Chords,Chords,0,1,,3190,2323343,2007-02-04
Pink Floyd,https://www.ultimate-guitar.com/artist/pink_floyd_684,1076457600,104578,,776,4.80828,"{'is_acoustic': 0, 'tonality_name': '', 'performance': None, 'recording_artists': []}",Wish You Were Here,approved,public,https://tabs.ultimate-guitar.com/tab/pink_floyd/wish_you_were_here_tabs_104578,C,0,Tabs,Tab,0,4,,3177,4735531,2004-02-10
Sam Smith,https://www.ultimate-guitar.com/artist/sam_smith_41350,1396310401,1473600,,15117,4.74284,"{'is_acoustic': 0, 'tonality_name': '', 'performance': None, 'recording_artists': []}",Stay With Me,approved,public,https://tabs.ultimate-guitar.com/tab/sam_smith/stay_with_me_chords_1473600,Am,0,Chords,Chords,0,1,,3133,7603980,2014-03-31
Ed Sheeran,https://www.ultimate-guitar.com/artist/ed_sheeran_30232,1400923376,1486901,,2331,4.85072,"{'is_acoustic': 0, 'tonality_name': '', 'performance': None, 'recording_artists': []}",Thinking Out Loud,approved,public,https://tabs.ultimate-guitar.com/tab/ed_sheeran/thinking_out_loud_chords_1486901,C,0,Chords,Chords,0,2,,3050,4139190,2014-05-24
The Cranberries,https://www.ultimate-guitar.com/artist/the_cranberries_1779,1246838401,844902,,105,4.84083,"{'is_acoustic': 0, 'tonality_name': '', 'performance': None, 'recording_artists': []}",Zombie,approved,public,https://tabs.ultimate-guitar.com/tab/the_cranberries/zombie_chords_844902,Em,0,Chords,Chords,0,2,,3017,3541557,2009-07-05
Bright Eyes,https://www.ultimate-guitar.com/artist/bright_eyes_2378,1104192000,154240,,10871,4.88268,"{'is_acoustic': 0, 'tonality_name': '', 'performance': None, 'recording_artists': []}",First Day Of My Life,approved,public,https://tabs.ultimate-guitar.com/tab/bright_eyes/first_day_of_my_life_chords_154240,C,0,Chords,Chords,0,1,,2986,3735547,2004-12-27
Bastille,https://www.ultimate-guitar.com/artist/bastille_31976,1362355201,1227805,,10949,4.8674,"{'is_acoustic': 0, 'tonality_name': '', 'performance': None, 'recording_artists': []}",Pompeii,approved,public,https://tabs.ultimate-guitar.com/tab/bastille/pompeii_chords_1227805,,0,Chords,Chords,0,3,,2981,3532049,2013-03-03
John Lennon,https://www.ultimate-guitar.com/artist/john_lennon_10753,1004486400,9306,,15175,4.78508,"{'is_acoustic': 0, 'tonality_name': '', 'performance': None, 'recording_artists': []}",Imagine,approved,public,https://tabs.ultimate-guitar.com/tab/john_lennon/imagine_chords_9306,C,0,Chords,Chords,0,1,Complete chords and lyrics / well-aligned for easy auto-scrolling / short tabs for intro and verse patterns / suggestions for playable voicings and alternative chord choices.,2973,5908634,2001-10-30
Eagles,https://www.ultimate-guitar.com/artist/eagles_1509,1046044800,46190,,10137,4.78228,"{'is_acoustic': 0, 'tonality_name': '', 'performance': None, 'recording_artists': []}",Hotel California,approved,public,https://tabs.ultimate-guitar.com/tab/eagles/hotel_california_chords_46190,Bm,0,Chords,Chords,0,1,,2912,3316890,2003-02-23
Sam Smith,https://www.ultimate-guitar.com/artist/sam_smith_41350,1401779081,1489018,,15441,4.8488,"{'is_acoustic': 0, 'tonality_name': '', 'performance': None, 'recording_artists': []}",Im Not The Only One,approved,public,https://tabs.ultimate-guitar.com/tab/sam_smith/im_not_the_only_one_chords_1489018,F,0,Chords,Chords,0,1,,2884,5325703,2014-06-03
John Denver,https://www.ultimate-guitar.com/artist/john_denver_10167,1319068801,1101747,,26819,4.8466,"{'is_acoustic': 0, 'tonality_name': '', 'performance': None, 'recording_artists': []}",Take Me Home Country Roads,approved,public,https://tabs.ultimate-guitar.com/tab/john_denver/take_me_home_country_roads_chords_1101747,G,0,Chords,Chords,0,10,,2875,2547556,2011-10-19
Eagles,https://www.ultimate-guitar.com/artist/eagles_1509,1004486400,14322,,2908,4.80335,"{'is_acoustic': 0, 'tonality_name': '', 'performance': None, 'recording_artists': []}",Take It Easy,approved,public,https://tabs.ultimate-guitar.com/tab/eagles/take_it_easy_chords_14322,G,0,Chords,Chords,0,1,,2863,2537202,2001-10-30
Eagles,https://www.ultimate-guitar.com/artist/eagles_1509,1213228801,688698,,10137,4.86758,"{'is_acoustic': 0, 'tonality_name': '', 'performance': None, 'recording_artists': []}",Hotel California,approved,public,https://tabs.ultimate-guitar.com/tab/eagles/hotel_california_chords_688698,A,0,Chords,Chords,0,3,,2856,1523959,2008-06-11
Taylor Swift,https://www.ultimate-guitar.com/artist/taylor_swift_16027,1226016001,752550,,4825,4.82243,"{'is_acoustic': 0, 'tonality_name': '', 'performance': None, 'recording_artists': []}",You Belong With Me,approved,public,https://tabs.ultimate-guitar.com/tab/taylor_swift/you_belong_with_me_chords_752550,D,0,Chords,Chords,0,2,,2850,7173951,2008-11-06
Eric Clapton,https://www.ultimate-guitar.com/artist/eric_clapton_8974,1004486400,16131,,3224,4.87008,"{'is_acoustic': 0, 'tonality_name': '', 'performance': None, 'recording_artists': []}",Tears In Heaven,approved,public,https://tabs.ultimate-guitar.com/tab/eric_clapton/tears_in_heaven_tabs_16131,E,0,Tabs,Tab,0,1,,2842,7745473,2001-10-30
Bob Dylan,https://www.ultimate-guitar.com/artist/bob_dylan_10212,1062028800,66559,,17395,4.8462,"{'is_acoustic': 0, 'tonality_name': '', 'performance': None, 'recording_artists': []}",Knockin On Heavens Door,approved,public,https://tabs.ultimate-guitar.com/tab/bob_dylan/knockin_on_heavens_door_chords_66559,G,0,Chords,Chords,0,2,,2843,3281868,2003-08-27
Snow Patrol,https://www.ultimate-guitar.com/artist/snow_patrol_7220,1145404801,355425,,312,4.78117,"{'is_acoustic': 0, 'tonality_name': '', 'performance': None, 'recording_artists': []}",Chasing Cars,approved,public,https://tabs.ultimate-guitar.com/tab/snow_patrol/chasing_cars_chords_355425,A,0,Chords,Chords,0,1,,2838,6100726,2006-04-18
Taylor Swift,https://www.ultimate-guitar.com/artist/taylor_swift_16027,1221004801,730809,,4834,4.78976,"{'is_acoustic': 0, 'tonality_name': '', 'performance': None, 'recording_artists': []}",Love Story,approved,public,https://tabs.ultimate-guitar.com/tab/taylor_swift/love_story_chords_730809,C,0,Chords,Chords,0,1,,2830,9107579,2008-09-09
Van Morrison,https://www.ultimate-guitar.com/artist/van_morrison_7520,1241568001,819644,,719,4.80724,"{'is_acoustic': 0, 'tonality_name': '', 'performance': None, 'recording_artists': []}",Brown Eyed Girl,approved,public,https://tabs.ultimate-guitar.com/tab/van_morrison/brown_eyed_girl_chords_819644,G,0,Chords,Chords,0,3,,2827,961773,2009-05-05
Foster the People,https://www.ultimate-guitar.com/artist/foster_the_people_30265,1298851201,1032143,,2641,4.88485,"{'is_acoustic': 0, 'tonality_name': '', 'performance': None, 'recording_artists': []}",Pumped Up Kicks,approved,public,https://tabs.ultimate-guitar.com/tab/foster_the_people/pumped_up_kicks_chords_1032143,Fm,0,Chords,Chords,0,1,,2789,6132162,2011-02-27
Kansas,https://www.ultimate-guitar.com/artist/kansas_1065,1253577601,874870,,9307,4.79495,"{'is_acoustic': 0, 'tonality_name': '', 'performance': None, 'recording_artists': []}",Dust In The Wind,approved,public,https://tabs.ultimate-guitar.com/tab/kansas/dust_in_the_wind_chords_874870,,0,Chords,Chords,0,2,,2785,1172163,2009-09-21
Coldplay,https://www.ultimate-guitar.com/artist/coldplay_1782,1082332800,114080,,2297,4.81572,"{'is_acoustic': 0, 'tonality_name': '', 'performance': None, 'recording_artists': []}",Yellow,approved,public,https://tabs.ultimate-guitar.com/tab/coldplay/yellow_chords_114080,G,0,Chords,Chords,0,2,,2762,2530281,2004-04-18
Imagine Dragons,https://www.ultimate-guitar.com/artist/imagine_dragons_36784,1335312001,1149539,,3447,4.84488,"{'is_acoustic': 0, 'tonality_name': '', 'performance': None, 'recording_artists': []}",Demons,approved,public,https://tabs.ultimate-guitar.com/tab/imagine_dragons/demons_chords_1149539,Eb,0,Chords,Chords,0,2,,2721,1695204,2012-04-24
Jeff Buckley,https://www.ultimate-guitar.com/artist/jeff_buckley_9898,1138924801,328812,,125,4.8242,"{'is_acoustic': 0, 'tonality_name': '', 'performance': None, 'recording_artists': []}",Hallelujah,approved,public,https://tabs.ultimate-guitar.com/tab/jeff_buckley/hallelujah_chords_328812,Db,0,Chords,Chords,0,3,,2685,5072321,2006-02-02
Lukas Graham,https://www.ultimate-guitar.com/artist/lukas_graham_35652,1437212435,1752864,,27143,4.76736,"{'is_acoustic': 0, 'tonality_name': '', 'performance': None, 'recording_artists': []}",7 Years,approved,public,https://tabs.ultimate-guitar.com/tab/lukas_graham/7_years_chords_1752864,Em,0,Chords,Chords,0,2,,2677,3660760,2015-07-18
Bob Marley,https://www.ultimate-guitar.com/artist/bob_marley_9676,1159401601,417640,,2679,4.84678,"{'is_acoustic': 0, 'tonality_name': '', 'performance': None, 'recording_artists': []}",Redemption Song,approved,public,https://tabs.ultimate-guitar.com/tab/bob_marley/redemption_song_chords_417640,G,0,Chords,Chords,0,2,,2677,4085455,2006-09-27
Matt Redman,https://www.ultimate-guitar.com/artist/matt_redman_11159,1311120001,1076668,,27001,4.83948,"{'is_acoustic': 0, 'tonality_name': '', 'performance': None, 'recording_artists': []}",10000 Reasons Bless The Lord,approved,public,https://tabs.ultimate-guitar.com/tab/matt_redman/10000_reasons_bless_the_lord_chords_1076668,G,0,Chords,Chords,0,1,,2667,3751364,2011-07-19
James Bay,https://www.ultimate-guitar.com/artist/james_bay_41818,1416301854,1680532,,2369,4.87075,"{'is_acoustic': 0, 'tonality_name': '', 'performance': None, 'recording_artists': []}",Let It Go,approved,public,https://tabs.ultimate-guitar.com/tab/james_bay/let_it_go_chords_1680532,G,0,Chords,Chords,0,2,,2664,3931360,2014-11-18
Lessons - Guitar,https://www.ultimate-guitar.com/artist/lessons_-_guitar_13514,1072742400,99108,,0,4.92378,"{'is_acoustic': 0, 'tonality_name': '', 'performance': None, 'recording_artists': []}",All The Chords,approved,public,https://tabs.ultimate-guitar.com/tab/lessons_-_guitar/all_the_chords_chords_99108,,0,Chords,Chords,0,1,,2642,1042321,2003-12-29
Creedence Clearwater Revival,https://www.ultimate-guitar.com/artist/creedence_clearwater_revival_1746,1004486400,15892,,3323,4.83738,"{'is_acoustic': 0, 'tonality_name': '', 'performance': None, 'recording_artists': []}",Bad Moon Rising,approved,public,https://tabs.ultimate-guitar.com/tab/creedence_clearwater_revival/bad_moon_rising_chords_15892,D,0,Chords,Chords,0,1,,2638,2296482,2001-10-30
Misc Christmas,https://www.ultimate-guitar.com/artist/misc_christmas_933,1355875201,1201071,,0,4.77505,"{'is_acoustic': 0, 'tonality_name': '', 'performance': None, 'recording_artists': []}",Silent Night,approved,public,https://tabs.ultimate-guitar.com/tab/misc_christmas/silent_night_chords_1201071,G,0,Chords,Chords,0,3,,2636,1505145,2012-12-18
Rihanna,https://www.ultimate-guitar.com/artist/rihanna_14817,1353283201,1195964,,15095,4.83488,"{'is_acoustic': 0, 'tonality_name': '', 'performance': None, 'recording_artists': [{'join_field': ' feat. ', 'artist': {'id': 39296, 'name': 'Mikky Ekko', 'artist_url': '/artist/mikky_ekko_39296'}}]}",Stay,approved,public,https://tabs.ultimate-guitar.com/tab/rihanna/stay_chords_1195964,C,0,Chords,Chords,0,1,,2593,5792060,2012-11-18
The Beatles,https://www.ultimate-guitar.com/artist/the_beatles_1916,1114560000,180986,,13303,4.92467,"{'is_acoustic': 0, 'tonality_name': '', 'performance': None, 'recording_artists': []}",Blackbird,approved,public,https://tabs.ultimate-guitar.com/tab/the_beatles/blackbird_tabs_180986,G,0,Tabs,Tab,0,5,,2567,3527045,2005-04-26
Darius Rucker,https://www.ultimate-guitar.com/artist/darius_rucker_11235,1360713601,1215756,,7859,4.86953,"{'is_acoustic': 0, 'tonality_name': '', 'performance': None, 'recording_artists': []}",Wagon Wheel,approved,public,https://tabs.ultimate-guitar.com/tab/darius_rucker/wagon_wheel_chords_1215756,G,0,Chords,Chords,0,1,,2562,1702999,2013-02-12
Metallica,https://www.ultimate-guitar.com/artist/metallica_954,1047859200,47673,,10043,4.86613,"{'is_acoustic': 0, 'tonality_name': '', 'performance': None, 'recording_artists': []}",Master Of Puppets,approved,public,https://tabs.ultimate-guitar.com/tab/metallica/master_of_puppets_tabs_47673,Em,0,Tabs,Tab,0,2,,2557,6179068,2003-03-16
Kodaline,https://www.ultimate-guitar.com/artist/kodaline_38213,1346803201,1180259,,2686,4.88681,"{'is_acoustic': 0, 'tonality_name': '', 'performance': None, 'recording_artists': []}",All I Want,approved,public,https://tabs.ultimate-guitar.com/tab/kodaline/all_i_want_chords_1180259,C,0,Chords,Chords,0,1,,2546,4733283,2012-09-04
Green Day,https://www.ultimate-guitar.com/artist/green_day_1368,1097625600,141135,,2219,4.79101,"{'is_acoustic': 0, 'tonality_name': '', 'performance': None, 'recording_artists': []}",Wake Me Up When September Ends,approved,public,https://tabs.ultimate-guitar.com/tab/green_day/wake_me_up_when_september_ends_tabs_141135,G,0,Tabs,Tab,0,3,,2498,7123395,2004-10-12
Train,https://www.ultimate-guitar.com/artist/train_250,1004486400,1433,,28303,4.7927,"{'is_acoustic': 0, 'tonality_name': '', 'performance': None, 'recording_artists': []}",Drops Of Jupiter,approved,public,https://tabs.ultimate-guitar.com/tab/train/drops_of_jupiter_chords_1433,C,0,Chords,Chords,0,1,,2441,4901355,2001-10-30
Metallica,https://www.ultimate-guitar.com/artist/metallica_954,1050537600,49686,,9675,4.91046,"{'is_acoustic': 0, 'tonality_name': '', 'performance': None, 'recording_artists': []}",One,approved,public,https://tabs.ultimate-guitar.com/tab/metallica/one_tabs_49686,Bm,0,Tabs,Tab,0,2,,2437,6770425,2003-04-16
Guns N' Roses,https://www.ultimate-guitar.com/artist/guns_n_roses_1367,1060560000,57983,,774,4.73547,"{'is_acoustic': 0, 'tonality_name': '', 'performance': None, 'recording_artists': []}",Sweet Child O Mine,approved,public,https://tabs.ultimate-guitar.com/tab/guns_n_roses/sweet_child_o_mine_tabs_57983,D,0,Tabs,Tab,0,3,,2422,10163422,2003-08-10
The Beatles,https://www.ultimate-guitar.com/artist/the_beatles_1916,1004486400,17427,,1192,4.58955,"{'is_acoustic': 0, 'tonality_name': '', 'performance': None, 'recording_artists': []}",Let It Be,approved,public,https://tabs.ultimate-guitar.com/tab/the_beatles/let_it_be_chords_17427,C,0,Chords,Chords,0,1,,2425,8905542,2001-10-30
Christina Perri,https://www.ultimate-guitar.com/artist/christina_perri_29331,1277942401,963934,,27059,4.82176,"{'is_acoustic': 0, 'tonality_name': '', 'performance': None, 'recording_artists': []}",Jar Of Hearts,approved,public,https://tabs.ultimate-guitar.com/tab/christina_perri/jar_of_hearts_chords_963934,Bm,0,Chords,Chords,0,1,,2419,7381543,2010-06-30
Hillsong United,https://www.ultimate-guitar.com/artist/hillsong_united_19737,1361404801,1218238,,0,4.89127,"{'is_acoustic': 0, 'tonality_name': '', 'performance': None, 'recording_artists': []}",Oceans Where Feet May Fail,approved,public,https://tabs.ultimate-guitar.com/tab/hillsong_united/oceans_where_feet_may_fail_chords_1218238,Bm,0,Chords,Chords,0,1,,2413,4246883,2013-02-20
Ed Sheeran,https://www.ultimate-guitar.com/artist/ed_sheeran_30232,1353974401,1196902,,2367,4.86131,"{'is_acoustic': 0, 'tonality_name': '', 'performance': None, 'recording_artists': []}",The A Team,approved,public,https://tabs.ultimate-guitar.com/tab/ed_sheeran/the_a_team_chords_1196902,G,0,Chords,Chords,0,11,,2410,4862216,2012-11-26
A Great Big World,https://www.ultimate-guitar.com/artist/a_great_big_world_42233,1385424001,1443639,,14659,4.85571,"{'is_acoustic': 0, 'tonality_name': '', 'performance': None, 'recording_artists': []}",Say Something,approved,public,https://tabs.ultimate-guitar.com/tab/a_great_big_world/say_something_chords_1443639,Am,0,Chords,Chords,0,3,,2393,3386764,2013-11-25
Ed Sheeran,https://www.ultimate-guitar.com/artist/ed_sheeran_30232,1488452918,1956585,,27147,4.90275,"{'is_acoustic': 0, 'tonality_name': '', 'performance': None, 'recording_artists': []}",Happier,approved,public,https://tabs.ultimate-guitar.com/tab/ed_sheeran/happier_chords_1956585,Am,0,Chords,Chords,0,1,,2388,1913970,2017-03-02
